Date,valley fever,DiseaseIncidence,symptoms,cancer symptoms,pregnancy,pregnancy symptoms,flu,flu symptoms,valley fever symptoms,symptoms of valley fever,valley fever symptoms in dogs,valley fever in dogs,symptoms of valley fever in dogs,what are the symptoms of valley fever,valley fever in dogs symptoms,symptoms of lyme disease,symptoms of mono,what is valley fever,valley fever treatment,treatment for valley fever,valley fever test,valley fever contagious,is valley fever contagious,valley fever rash,valley fever in humans,valley fever symptoms in humans,fluconazole,fluconazole for dogs,fluconazole side effects,fluconazole 150mg,fluconazole 150 mg,valley metro,metro valley bus,bus,metro bus,valley metro routes,phoenix valley metro,hay fever,hay fever symptoms
1/2/2011 0:00,24,1,80,50,95,73,69,66,13,24,100,42,99,0,0,0,36,0,0,0,0,39,0,35,0,0,0,0,54,0,0,54,21,68,43,39,32,52,0
1/9/2011 0:00,28,1,87,46,89,58,70,63,5,0,0,28,0,0,0,0,34,49,51,0,53,0,0,0,0,0,35,0,52,0,0,53,10,67,26,0,52,51,0
1/16/2011 0:00,17,1,90,60,84,72,68,76,15,23,33,0,0,0,49,100,47,49,0,0,0,39,49,35,0,0,71,0,0,100,0,73,31,72,47,38,37,52,100
1/23/2011 0:00,21,0,93,60,91,86,73,57,10,23,32,27,0,0,32,48,79,48,0,0,53,37,0,0,0,0,34,0,0,0,0,71,26,65,46,37,57,0,0
1/30/2011 0:00,31,0,84,58,94,64,72,92,0,22,45,64,0,0,60,69,43,0,32,0,0,36,0,0,0,0,0,0,0,0,0,52,31,68,32,0,29,48,92
2/6/2011 0:00,35,0,90,57,98,78,79,77,21,22,0,27,0,0,0,0,44,46,33,50,52,0,47,0,0,0,67,51,51,0,0,64,10,50,37,37,45,50,0
2/13/2011 0:00,29,0,93,69,87,89,100,100,7,22,31,53,93,0,31,0,100,46,100,100,51,55,0,0,0,0,83,0,50,0,0,60,19,68,37,36,30,0,0
2/20/2011 0:00,33,0,80,49,84,71,84,61,28,22,62,26,0,0,31,0,44,46,33,50,51,55,46,0,0,0,33,0,0,0,0,63,22,66,30,36,50,49,0
2/27/2011 0:00,26,0,78,53,98,68,70,71,21,22,0,26,92,0,31,47,55,0,33,0,51,0,46,0,0,0,33,0,50,0,0,62,32,72,50,35,59,0,0
3/6/2011 0:00,27,0,73,51,85,65,41,60,12,22,93,79,0,0,92,46,55,46,49,0,0,0,0,33,47,0,67,50,50,0,0,48,32,66,37,0,25,97,0
3/13/2011 0:00,23,0,70,62,90,61,47,36,10,0,0,0,0,0,0,0,48,51,36,0,56,0,0,36,0,0,55,0,0,0,100,63,21,68,49,39,49,53,0
3/20/2011 0:00,31,0,80,66,85,39,37,42,20,32,30,25,0,88,30,0,32,67,0,0,0,35,0,0,0,45,64,48,0,0,0,55,15,58,33,0,24,47,91
3/27/2011 0:00,24,1,81,65,92,75,44,21,9,21,0,0,0,0,0,0,21,43,31,0,0,0,0,31,0,0,94,47,47,0,0,56,27,64,33,0,37,46,89
4/3/2011 0:00,24,0,87,36,93,64,38,26,13,21,29,74,87,87,0,45,63,44,32,0,0,0,0,31,44,44,32,0,0,0,0,61,55,75,42,34,24,46,0
4/10/2011 0:00,17,0,80,51,84,59,40,38,9,22,0,26,93,0,0,0,44,0,33,50,0,0,92,0,0,0,67,49,0,0,0,53,39,75,47,36,15,97,0
4/17/2011 0:00,25,1,84,61,90,77,23,38,14,22,0,26,0,0,0,0,66,46,33,50,0,36,0,0,0,46,33,49,0,0,0,56,32,73,35,35,45,48,94
4/24/2011 0:00,28,0,81,43,95,76,31,0,9,0,0,26,0,0,30,0,65,0,33,49,0,0,0,0,0,0,33,0,49,0,0,48,22,69,56,0,34,0,0
5/1/2011 0:00,22,0,75,34,94,76,23,21,9,21,0,25,0,0,0,45,53,44,31,47,0,35,44,0,0,0,0,0,0,0,0,62,33,76,57,0,43,92,0
5/8/2011 0:00,26,0,79,34,96,61,30,0,23,42,30,25,0,0,29,45,31,44,31,47,0,0,0,0,0,0,47,0,48,0,0,58,27,69,59,34,33,0,0
5/15/2011 0:00,13,0,77,55,87,91,42,39,25,0,27,23,0,0,27,83,0,0,0,0,0,32,0,0,0,0,59,0,0,0,0,59,20,80,51,32,27,43,0
5/22/2011 0:00,22,1,83,34,90,82,39,16,7,0,59,25,0,0,29,0,53,0,47,0,0,0,0,0,0,0,79,48,0,0,0,56,30,82,57,34,62,0,0
5/29/2011 0:00,28,0,89,76,81,51,38,42,13,0,34,58,0,0,34,0,60,0,36,0,0,0,51,36,0,0,37,0,0,0,0,64,60,70,49,0,33,0,0
6/5/2011 0:00,25,0,87,63,88,75,33,23,23,23,0,0,0,0,98,75,35,0,35,0,0,39,0,35,0,0,35,0,0,0,0,59,48,70,37,38,53,52,0
6/12/2011 0:00,37,0,86,73,91,91,20,12,22,23,65,0,0,97,0,50,94,49,0,0,0,78,49,0,49,49,88,52,0,0,0,64,54,84,63,38,48,0,0
6/19/2011 0:00,27,0,88,54,98,90,13,32,18,0,30,25,0,0,30,45,21,0,0,0,0,35,45,0,0,0,32,0,0,0,0,61,31,76,53,0,34,0,0
6/26/2011 0:00,20,0,86,39,100,98,14,21,5,0,0,75,0,0,0,0,21,0,0,0,0,0,0,0,45,0,32,0,0,0,0,55,58,90,69,69,39,0,0
7/3/2011 0:00,69,0,85,50,83,70,24,18,36,36,34,57,0,0,100,50,47,100,36,0,0,39,75,0,50,0,54,0,0,0,0,72,45,76,51,0,97,52,0
7/10/2011 0:00,78,0,90,41,85,73,29,12,58,48,33,71,99,0,34,0,24,50,0,0,0,39,100,53,100,100,36,0,0,0,0,66,52,69,70,38,81,52,0
7/17/2011 0:00,100,0,91,42,91,64,22,30,100,84,33,100,0,0,33,76,36,0,54,0,56,39,50,71,51,51,36,0,0,0,0,55,49,81,46,39,64,0,0
7/24/2011 0:00,55,0,91,42,91,77,29,24,31,36,34,29,100,100,33,51,60,0,36,0,56,40,50,0,51,51,73,0,55,0,0,71,91,79,67,77,59,53,0
7/31/2011 0:00,40,0,88,52,79,43,26,23,5,24,33,28,0,98,33,50,0,0,35,53,0,0,49,0,0,0,71,0,0,0,0,73,20,80,37,76,64,52,0
8/7/2011 0:00,35,1,90,63,83,72,16,17,26,23,32,80,0,0,95,0,45,0,68,51,52,37,47,0,47,0,51,51,52,96,0,73,59,88,56,36,46,50,96
8/14/2011 0:00,43,1,84,66,85,80,23,17,40,22,46,53,0,93,61,0,22,47,33,0,0,0,47,0,0,0,67,0,50,0,0,79,32,95,50,35,55,0,0
8/21/2011 0:00,28,0,87,67,96,78,31,17,28,100,31,40,93,93,31,0,44,47,33,0,52,37,0,33,0,0,67,0,51,0,0,100,100,100,100,36,100,0,0
8/28/2011 0:00,39,1,86,59,83,81,39,11,28,78,47,66,93,0,62,0,44,47,66,50,0,37,47,33,0,0,100,0,100,0,0,86,39,75,47,0,60,0,0
9/4/2011 0:00,30,0,89,63,84,57,49,28,17,34,32,27,0,93,32,48,0,71,34,51,0,37,48,100,0,0,34,0,0,0,0,70,49,68,61,55,56,100,0
9/11/2011 0:00,28,0,98,74,76,61,81,44,38,44,31,53,0,93,0,0,22,47,33,50,0,0,0,32,0,0,33,50,0,0,0,66,29,65,37,53,30,49,93
9/18/2011 0:00,46,0,97,72,90,46,75,39,28,100,62,26,0,93,62,94,0,46,100,50,52,73,0,33,0,47,84,0,0,0,0,67,35,84,32,36,50,0,0
9/25/2011 0:00,36,1,100,53,86,67,82,38,40,76,31,39,0,90,0,0,43,46,49,49,0,36,0,32,0,0,49,50,50,0,0,81,13,63,39,35,64,0,0
10/2/2011 0:00,40,0,90,100,94,62,84,44,24,66,0,26,0,0,0,94,22,46,33,50,0,0,46,33,0,0,50,100,50,0,0,63,29,72,45,36,40,48,0
10/9/2011 0:00,46,0,89,62,95,48,77,38,18,65,45,26,0,90,30,0,43,0,32,48,100,0,0,0,0,0,33,0,0,0,0,72,56,61,53,52,29,47,0
10/16/2011 0:00,34,0,73,60,83,60,74,21,21,75,0,0,0,0,0,0,22,45,64,49,50,0,0,32,0,0,32,0,0,0,0,60,47,57,63,35,44,47,0
10/23/2011 0:00,30,1,66,66,97,72,61,56,11,41,29,25,0,0,0,0,20,0,46,46,0,0,0,30,0,0,62,0,0,0,0,62,56,69,53,100,28,91,0
10/30/2011 0:00,39,0,71,73,88,77,63,46,30,61,57,73,0,0,28,0,0,43,61,68,0,100,85,0,43,0,46,0,0,0,0,59,62,69,69,97,91,0,0
11/6/2011 0:00,32,0,69,45,90,100,57,41,24,21,0,24,0,86,0,43,20,0,30,0,0,0,43,30,0,43,77,0,0,0,0,73,59,63,78,33,42,45,0
11/13/2011 0:00,24,1,64,48,85,64,54,31,13,42,0,25,0,0,58,0,42,0,31,47,0,34,0,0,0,0,63,0,47,0,0,64,36,62,56,50,19,0,0
11/20/2011 0:00,26,1,58,50,86,90,52,58,16,32,0,26,0,0,30,0,42,44,32,0,0,0,0,0,0,0,0,0,48,0,0,58,56,55,55,52,29,0,0
11/27/2011 0:00,24,1,65,44,96,75,60,39,15,40,28,59,0,0,28,0,20,41,0,45,0,0,0,0,0,0,45,45,0,0,0,71,38,71,58,64,27,0,0
12/4/2011 0:00,19,0,62,50,85,86,56,60,17,40,28,35,0,0,28,42,20,0,30,45,0,49,0,0,0,0,45,0,0,0,0,68,49,56,47,96,53,0,0
12/11/2011 0:00,20,1,58,61,74,41,47,54,21,39,0,35,0,0,0,41,20,0,59,44,46,32,0,0,0,0,59,0,0,0,0,53,23,64,44,32,49,0,0
12/18/2011 0:00,21,1,64,57,81,75,46,67,9,0,29,0,0,0,29,0,20,0,62,46,0,34,43,0,0,0,78,0,0,0,0,62,36,63,56,66,46,0,0
12/25/2011 0:00,21,1,64,32,86,60,54,54,9,0,0,25,0,0,0,0,21,0,32,0,0,0,0,31,0,0,64,48,0,91,0,61,31,60,36,35,24,0,91
1/1/2012 0:00,30,0,74,55,89,61,41,34,4,20,0,0,0,0,0,0,0,42,29,44,46,0,41,0,41,0,45,44,0,0,0,73,46,71,49,32,27,0,0
1/1/2012 0:00,49,0,77,86,87,64,46,22,30,0,0,25,0,0,51,0,62,51,0,55,36,0,52,0,100,0,37,66,0,0,0,45,64,56,51,65,91,0,0
1/8/2012 0:00,58,0,72,60,91,70,42,27,28,35,34,95,94,0,48,0,29,48,0,0,34,48,0,0,94,0,0,0,0,0,0,48,34,60,46,53,70,23,94
1/15/2012 0:00,71,0,83,41,96,76,36,24,64,34,100,58,91,0,0,49,29,0,0,50,0,48,0,0,0,0,69,0,49,0,0,55,46,59,49,74,26,0,0
1/22/2012 0:00,40,0,89,93,87,87,32,44,81,33,0,92,0,0,0,48,43,47,50,0,0,47,48,47,0,0,34,0,0,0,0,46,36,63,59,15,57,0,0
1/29/2012 0:00,72,1,96,75,88,65,33,44,99,50,33,23,0,0,0,0,85,0,100,50,0,47,48,0,0,0,45,0,48,0,0,48,35,61,50,29,36,23,0
2/5/2012 0:00,74,0,85,68,80,58,45,38,99,100,33,46,91,0,47,48,43,0,50,100,33,70,48,0,0,0,45,0,0,0,0,37,18,61,59,15,36,45,92
2/12/2012 0:00,47,1,73,71,81,61,52,26,20,36,0,100,0,0,0,52,47,0,0,0,0,52,0,0,0,0,62,0,0,0,0,44,30,56,51,32,45,49,100
2/19/2012 0:00,55,0,87,60,77,53,43,19,59,18,36,25,0,0,77,0,93,0,0,0,36,0,0,0,0,0,62,0,0,0,0,45,39,61,57,16,56,25,0
2/26/2012 0:00,67,0,81,57,87,74,50,29,62,0,33,45,0,49,46,0,56,0,50,0,33,93,0,47,90,0,89,0,47,0,0,52,52,69,71,15,67,22,90
3/11/2012 0:00,84,0,71,51,85,47,57,36,100,42,67,35,92,0,72,0,29,0,0,51,33,48,0,0,92,95,23,61,0,0,0,100,100,100,100,30,100,23,0
3/18/2012 0:00,37,0,73,60,84,49,45,26,36,33,33,23,0,0,0,48,56,93,0,0,0,46,0,47,0,0,34,0,0,0,0,39,68,64,54,36,41,22,0
3/25/2012 0:00,66,1,84,36,95,80,60,34,43,32,32,22,87,0,90,46,41,90,48,0,0,45,0,0,88,0,43,0,0,0,0,35,34,62,56,28,45,0,0
4/1/2012 0:00,61,0,80,71,87,59,41,20,61,0,32,22,0,0,46,0,0,45,0,49,0,0,46,46,89,0,22,0,0,0,0,33,29,57,61,29,25,22,0
4/8/2012 0:00,73,0,85,63,100,83,41,27,56,87,34,36,0,0,49,100,30,0,53,0,0,49,0,49,0,0,47,0,0,0,0,41,42,61,57,15,33,36,0
4/15/2012 0:00,42,1,83,70,85,60,45,30,65,51,34,47,0,0,48,0,59,48,0,0,0,48,0,0,0,0,47,0,0,0,0,41,44,63,58,30,48,0,0
4/22/2012 0:00,61,0,89,71,88,86,36,34,78,16,32,33,0,48,46,47,42,0,73,0,0,46,0,0,0,0,33,0,47,0,0,36,34,70,57,36,20,22,89
4/29/2012 0:00,47,0,85,81,87,99,22,21,64,17,0,47,0,0,47,0,85,47,76,0,34,48,49,48,93,0,23,0,49,0,0,27,15,60,36,30,63,46,93
5/6/2012 0:00,78,0,76,61,79,77,33,23,63,17,33,46,0,0,0,0,71,47,50,0,0,0,96,0,92,0,23,0,0,0,0,32,31,61,36,52,52,23,0
5/13/2012 0:00,72,0,85,51,91,89,20,47,38,0,0,24,0,0,50,0,0,0,0,53,0,50,0,0,0,0,48,0,0,0,0,36,32,69,44,78,22,0,98
5/27/2012 0:00,56,0,88,65,86,60,26,16,39,54,35,25,0,0,50,0,0,0,0,0,0,50,0,0,99,0,0,0,0,0,0,41,33,70,50,39,45,0,0
6/3/2012 0:00,72,0,85,84,89,75,29,16,97,18,35,74,0,54,50,0,31,51,54,0,0,0,0,0,98,0,24,65,0,0,0,38,44,63,54,64,34,0,0
6/17/2012 0:00,80,2,86,96,87,67,23,12,57,0,0,36,0,0,0,0,30,74,0,53,35,0,76,100,0,0,24,0,0,0,0,43,30,93,42,47,61,0,0
6/24/2012 0:00,66,2,81,63,84,87,19,6,84,17,34,24,95,0,48,51,29,48,52,0,0,0,0,0,0,0,59,0,100,0,0,43,37,72,42,23,49,0,0
7/1/2012 0:00,60,2,76,47,90,51,16,13,50,18,36,38,100,55,51,0,31,0,0,0,0,0,53,0,0,0,75,0,0,0,0,36,42,61,49,32,34,100,0
7/8/2012 0:00,60,2,81,66,95,75,16,6,64,0,0,0,0,0,95,49,29,0,0,0,0,47,48,0,92,94,69,0,0,0,0,44,41,72,59,45,32,0,0
7/22/2012 0:00,68,2,83,56,85,57,21,22,86,35,70,49,97,0,100,0,31,100,0,0,0,0,51,0,98,100,73,0,0,0,0,51,35,56,56,31,55,36,0
8/5/2012 0:00,61,2,70,48,82,71,20,9,28,18,0,36,0,0,50,0,60,0,0,0,0,49,50,0,0,0,48,64,0,0,0,45,56,76,60,31,77,48,0
8/12/2012 0:00,73,2,79,46,90,59,25,12,91,17,0,23,93,100,0,0,43,0,0,0,100,47,0,0,0,0,80,62,0,0,0,48,57,87,68,30,37,0,0
8/19/2012 0:00,64,1,91,62,88,53,23,23,36,17,33,46,0,0,47,0,28,0,0,0,0,47,96,0,92,0,45,0,0,0,0,58,43,76,58,22,36,23,0
8/26/2012 0:00,50,1,86,73,83,74,31,14,35,32,32,22,0,0,45,0,41,0,0,0,0,45,0,0,0,0,55,58,0,0,0,51,59,76,79,35,55,22,0
9/2/2012 0:00,53,1,82,62,77,64,34,21,55,51,34,23,0,0,48,49,44,0,51,0,0,0,0,0,94,0,46,0,0,0,0,59,49,71,73,30,32,0,0
9/9/2012 0:00,57,1,80,64,91,59,46,21,55,15,58,30,80,0,83,42,100,0,0,0,0,0,0,0,0,0,50,0,43,0,0,35,38,69,50,26,14,59,0
9/16/2012 0:00,31,1,79,62,88,60,49,10,69,14,0,20,0,0,0,0,24,0,43,0,28,0,0,0,78,0,19,0,41,0,0,35,47,68,46,38,40,39,0
9/23/2012 0:00,49,2,100,94,90,79,59,17,60,21,0,29,0,41,0,0,0,58,42,41,0,0,0,0,0,0,56,100,40,0,0,41,48,76,58,24,26,28,0
10/7/2012 0:00,53,1,90,47,83,57,68,44,34,16,0,32,0,46,0,45,40,44,0,0,31,0,0,0,86,0,43,57,0,0,0,49,48,74,59,76,78,0,0
10/14/2012 0:00,38,2,87,85,79,59,68,20,70,0,32,33,0,0,0,93,0,0,0,0,0,0,93,0,0,0,66,0,0,0,0,43,64,84,69,64,30,33,0
10/21/2012 0:00,38,2,85,67,84,76,53,47,51,16,0,44,0,0,0,0,54,0,0,0,0,44,0,0,87,0,54,0,0,0,0,46,48,65,46,42,35,22,0
10/28/2012 0:00,52,2,82,93,64,56,58,25,52,16,0,55,88,96,45,0,55,0,49,49,0,45,47,0,0,0,55,0,0,0,91,43,61,64,59,64,50,22,0
11/4/2012 0:00,74,2,82,41,75,42,61,33,68,0,0,22,0,0,0,0,0,0,0,0,32,0,0,0,0,0,43,0,0,0,0,45,50,68,62,77,44,21,0
11/11/2012 0:00,45,2,78,67,78,51,65,42,51,24,31,0,0,0,67,0,0,0,0,0,0,44,46,0,0,0,65,0,0,0,0,48,22,67,80,35,35,0,0
11/18/2012 0:00,57,2,71,77,66,51,51,53,60,16,0,22,0,0,45,47,54,45,48,0,0,0,0,45,0,0,65,0,0,0,0,38,44,62,72,35,70,33,0
11/25/2012 0:00,51,1,75,42,76,68,61,36,48,15,0,20,0,0,41,42,25,0,44,44,0,0,0,0,81,0,40,0,0,0,84,38,61,65,73,26,28,20,0
12/2/2012 0:00,51,1,74,49,89,56,79,36,24,14,0,20,0,0,0,0,25,81,0,0,0,0,0,0,0,0,100,0,0,0,0,52,60,68,54,13,64,0,0
12/9/2012 0:00,42,1,68,58,75,60,65,29,32,0,0,41,0,0,0,43,38,41,0,44,29,42,0,0,0,0,40,0,0,0,84,40,34,62,67,32,32,0,0
12/16/2012 0:00,56,1,66,53,67,34,69,49,17,15,30,42,0,0,43,0,26,0,0,0,61,0,44,44,0,0,52,0,44,0,0,41,46,64,64,27,43,0,0
12/23/2012 0:00,38,0,67,38,78,51,81,100,27,17,0,23,0,0,0,0,28,0,0,0,0,0,0,47,0,0,46,0,0,0,0,45,40,63,55,37,52,0,0
1/27/2013 0:00,59,0,91,46,84,88,33,34,34,0,34,65,0,0,34,50,65,40,0,0,76,38,69,0,0,0,65,0,0,0,0,69,34,60,60,16,46,33,0
2/3/2013 0:00,50,0,87,67,86,70,27,37,43,24,32,49,0,89,32,47,37,38,80,47,35,72,33,0,0,0,31,0,0,0,0,57,29,58,62,10,43,0,0
2/17/2013 0:00,45,0,80,84,82,58,17,20,40,39,0,0,0,0,34,0,52,0,0,0,0,38,0,0,0,0,22,0,0,0,0,62,36,52,38,80,42,33,0
2/24/2013 0:00,35,0,82,67,71,75,13,23,23,53,0,52,0,0,0,0,26,0,43,50,0,0,35,0,0,0,55,0,0,0,0,60,31,59,54,43,25,34,0
3/24/2013 0:00,72,0,92,65,92,83,8,10,73,0,28,41,0,0,0,40,21,64,0,0,0,0,28,0,38,0,17,0,0,0,84,49,41,96,61,72,47,67,0
3/31/2013 0:00,49,0,85,54,98,96,10,9,42,42,55,63,41,76,0,41,63,65,35,0,31,0,0,40,38,0,26,0,0,0,0,53,26,91,47,17,51,0,98
4/7/2013 0:00,100,0,85,45,90,86,10,13,100,57,0,45,0,83,0,0,34,35,37,44,0,100,30,44,0,0,47,44,0,0,0,58,43,75,45,51,33,44,53
4/14/2013 0:00,56,0,85,56,87,54,8,10,75,32,28,21,41,77,28,0,21,98,35,0,62,32,0,41,0,78,44,0,0,0,0,49,33,80,51,30,34,41,100
4/28/2013 0:00,34,0,93,65,88,87,9,9,32,21,55,41,41,75,0,40,42,0,0,0,61,31,28,0,38,0,35,0,0,0,0,50,38,100,62,30,24,53,0
5/5/2013 0:00,84,0,83,65,95,76,10,14,100,46,40,69,0,0,45,67,0,0,38,44,100,33,0,0,0,83,48,0,0,0,0,51,30,84,51,9,30,29,0
5/12/2013 0:00,70,1,87,67,92,65,9,6,43,73,32,0,0,0,32,0,24,0,100,47,35,0,33,47,0,0,61,47,48,0,0,55,37,71,58,15,39,47,0
5/19/2013 0:00,43,0,78,71,94,86,5,7,44,50,33,62,0,0,33,49,25,0,82,0,0,37,0,0,0,0,0,0,0,0,100,55,26,75,41,26,28,32,58
5/26/2013 0:00,49,0,76,64,82,63,6,8,46,39,51,39,51,0,51,51,0,0,43,0,0,0,0,50,0,0,43,0,0,0,0,60,35,66,72,27,42,34,0
6/2/2013 0:00,55,0,89,72,87,85,6,4,57,26,34,91,0,94,34,50,52,80,43,0,38,38,0,0,0,0,43,0,52,0,0,65,40,62,57,64,55,67,0
6/9/2013 0:00,54,0,84,64,88,81,3,3,17,26,0,51,0,0,0,51,78,100,42,49,37,38,0,0,47,0,43,0,0,0,0,64,51,66,63,26,42,0,0
6/16/2013 0:00,48,1,92,81,82,76,3,3,29,53,0,0,0,0,0,52,0,0,88,0,0,39,35,0,0,0,100,52,53,0,0,61,45,63,50,60,39,51,0
6/23/2013 0:00,57,1,82,100,86,85,6,6,17,76,33,38,100,0,33,50,0,39,42,97,37,0,0,0,0,0,42,0,50,0,0,53,27,69,57,52,37,33,0
6/30/2013 0:00,50,1,84,38,82,65,2,5,43,56,0,28,0,0,0,0,28,0,0,53,0,41,0,0,0,0,58,0,0,0,0,67,48,65,65,57,63,0,0
7/7/2013 0:00,58,1,91,78,87,84,5,10,42,27,36,27,0,100,36,0,27,43,45,0,40,40,0,53,100,100,46,53,55,0,0,55,40,68,51,28,31,35,0
7/14/2013 0:00,64,1,86,82,85,62,3,7,52,65,0,26,0,95,0,50,0,81,0,0,0,39,0,100,48,0,33,0,0,0,0,62,44,64,61,27,47,33,61
7/21/2013 0:00,56,1,87,94,88,65,5,5,52,93,0,26,0,96,35,0,53,41,65,0,0,0,0,51,97,96,22,0,0,0,0,61,50,69,100,54,30,51,0
7/28/2013 0:00,40,0,81,95,87,82,6,6,63,52,34,78,0,94,0,0,26,0,0,0,0,38,0,0,0,94,54,100,0,0,0,100,100,87,100,53,93,0,0
8/4/2013 0:00,46,1,85,73,86,89,4,3,34,51,0,51,0,0,0,100,39,40,42,0,0,38,69,0,0,0,86,50,0,0,0,85,54,89,72,100,100,0,0
8/11/2013 0:00,49,1,83,67,90,80,5,5,28,50,50,75,0,0,67,98,25,58,42,0,37,37,34,0,0,0,63,49,0,0,0,70,55,81,94,72,28,32,0
8/25/2013 0:00,49,0,71,64,81,59,5,5,44,100,49,25,49,0,33,0,38,39,41,48,0,37,0,96,45,91,31,48,0,0,0,70,47,69,63,82,16,32,0
9/1/2013 0:00,53,0,82,59,83,100,12,3,40,52,68,52,0,0,68,0,52,0,0,0,0,0,0,50,0,0,43,0,0,0,0,75,63,73,76,37,67,67,0
9/8/2013 0:00,53,1,74,73,83,75,9,3,50,26,33,63,0,0,33,0,26,40,0,0,37,37,33,0,0,0,63,0,0,0,0,63,37,74,57,42,33,0,0
9/15/2013 0:00,45,1,83,47,74,61,13,6,66,75,98,100,98,0,98,48,25,97,41,0,0,37,33,0,0,0,94,0,0,0,0,69,45,68,58,21,57,64,0
9/29/2013 0:00,18,1,72,55,75,65,17,11,50,51,0,38,0,0,0,0,25,0,41,49,0,38,34,48,0,0,63,49,100,0,0,64,37,67,62,41,33,49,0
10/6/2013 0:00,47,1,82,59,80,90,23,6,17,26,34,52,0,0,0,0,39,0,43,100,0,77,35,0,0,0,22,0,52,0,0,61,51,69,67,27,21,100,0
10/13/2013 0:00,44,1,75,48,89,83,19,5,45,51,100,89,50,94,100,0,52,0,42,49,0,0,0,0,0,0,85,98,0,0,0,68,41,67,66,42,46,33,0
10/20/2013 0:00,41,1,82,63,77,70,19,14,22,49,0,62,49,0,0,0,0,0,41,0,0,36,33,47,0,0,93,48,0,0,100,61,59,67,47,46,76,48,0
10/27/2013 0:00,37,1,81,67,77,82,18,12,44,51,33,51,0,90,0,49,25,0,41,0,37,0,0,48,0,0,0,0,50,0,0,60,50,74,63,42,61,32,0
11/3/2013 0:00,39,2,72,78,83,58,18,13,77,25,33,62,0,0,0,48,50,0,0,0,36,37,33,0,0,0,21,48,49,0,0,62,40,73,76,71,40,32,0
11/10/2013 0:00,71,1,78,74,82,67,11,15,59,24,97,61,48,88,65,0,49,94,0,0,35,0,0,0,0,0,61,47,0,0,0,61,58,70,83,30,51,0,0
11/24/2013 0:00,42,1,72,48,72,52,10,9,34,51,0,51,0,0,34,50,51,0,0,49,0,38,0,0,0,0,53,49,51,0,0,65,36,65,61,47,37,0,0
12/1/2013 0:00,48,2,79,44,82,51,9,12,21,24,62,59,0,0,0,46,24,37,0,0,34,0,0,45,43,86,79,0,0,0,95,52,56,67,47,53,77,30,0
12/8/2013 0:00,47,2,71,37,72,52,12,10,26,0,31,46,45,0,30,0,23,36,77,0,0,0,0,45,85,0,29,45,0,0,0,59,50,74,62,48,56,0,0
12/15/2013 0:00,28,2,72,51,73,67,14,15,35,22,0,22,0,83,0,0,0,0,37,0,0,0,0,0,0,82,75,0,45,0,0,55,54,71,71,65,40,29,52
12/22/2013 0:00,35,0,65,66,85,56,18,21,33,50,33,50,48,90,32,48,25,0,41,48,36,37,33,0,0,0,51,48,0,0,0,72,66,68,85,71,44,95,57
12/29/2013 0:00,39,0,77,38,90,74,26,30,10,68,30,46,0,82,30,0,23,70,74,0,0,33,0,0,41,82,0,0,0,0,0,63,51,69,68,28,52,58,0
1/5/2014 0:00,51,0,66,68,91,87,100,84,51,42,37,48,0,0,37,46,27,28,0,0,0,43,100,0,0,91,90,0,0,0,0,69,66,64,49,30,49,45,55
1/12/2014 0:00,96,0,65,81,90,51,91,69,49,41,0,56,0,0,0,0,0,27,0,0,0,83,48,0,0,0,26,0,50,0,0,77,65,75,61,25,62,22,52
1/19/2014 0:00,57,1,66,68,85,56,83,80,52,48,51,26,100,0,51,42,0,0,100,0,78,0,46,0,42,83,74,100,47,0,0,88,89,80,67,54,67,62,0
1/26/2014 0:00,76,0,64,65,96,51,98,100,76,38,100,26,0,81,100,0,48,26,0,0,38,39,89,41,0,0,32,49,46,0,0,91,77,69,74,91,53,30,0
2/2/2014 0:00,69,0,66,54,89,31,62,51,33,41,36,37,0,0,36,0,78,28,0,0,63,42,49,0,45,0,70,0,0,0,85,86,64,73,66,91,34,22,0
2/9/2014 0:00,56,0,62,63,83,41,51,54,25,56,0,25,0,0,0,0,23,50,49,0,0,0,0,0,41,0,56,0,46,0,0,76,78,70,79,56,43,100,48
2/16/2014 0:00,59,0,61,69,85,73,49,40,72,38,33,0,0,0,33,0,0,26,50,0,0,39,0,41,0,82,73,0,0,0,0,77,59,76,60,61,18,61,0
3/2/2014 0:00,67,0,61,67,86,68,32,18,59,100,0,0,0,0,0,43,100,0,0,0,81,41,0,0,44,0,25,0,0,82,0,55,45,69,38,28,28,64,0
3/16/2014 0:00,98,0,62,80,81,42,21,16,39,0,0,47,54,0,0,0,26,0,54,0,0,0,0,0,0,0,35,0,0,0,0,70,56,69,46,17,73,56,0
3/23/2014 0:00,100,0,69,57,93,61,25,20,71,20,0,37,53,0,0,44,25,27,53,0,41,41,48,0,0,87,34,0,100,0,0,77,52,69,74,53,66,22,52
3/30/2014 0:00,84,0,60,62,91,49,31,36,49,31,72,65,53,0,72,44,25,41,53,0,0,0,0,0,44,87,34,0,50,0,0,84,63,73,44,45,66,33,0
4/6/2014 0:00,63,0,65,82,87,67,29,23,42,69,34,18,0,0,34,0,25,26,51,84,40,60,47,0,0,0,50,52,0,0,0,63,61,84,62,20,41,0,100
4/27/2014 0:00,67,1,62,65,93,37,24,18,38,18,62,32,0,76,62,0,0,24,0,0,36,36,42,0,39,0,45,0,0,0,0,79,59,92,74,21,53,19,0
5/4/2014 0:00,65,2,67,57,93,63,24,17,41,29,0,52,0,0,0,0,24,0,49,0,78,0,45,82,0,0,65,0,47,0,0,66,39,82,42,23,53,20,0
5/11/2014 0:00,73,2,63,66,78,56,24,24,74,90,35,54,0,0,35,43,50,27,51,0,0,0,0,0,44,0,42,0,0,0,0,70,49,80,50,40,32,32,0
5/18/2014 0:00,52,1,61,89,87,54,26,20,11,21,0,38,0,0,0,45,26,0,0,88,0,0,0,0,0,0,52,0,0,0,0,60,44,80,62,38,43,44,0
5/25/2014 0:00,45,1,64,75,93,76,22,10,50,0,0,19,0,0,0,46,26,0,0,0,0,0,0,0,0,89,27,54,0,0,0,72,51,100,54,42,48,22,0
6/1/2014 0:00,51,1,68,76,98,96,17,21,51,43,0,19,0,0,0,0,0,57,55,0,0,0,0,0,0,0,63,0,0,0,0,83,45,93,56,26,59,23,54
6/8/2014 0:00,50,1,61,65,86,53,18,11,100,47,82,53,61,0,82,50,29,31,0,0,47,0,55,0,0,100,39,0,0,0,0,79,62,79,51,61,65,74,0
6/15/2014 0:00,50,1,60,69,86,49,15,9,37,47,0,32,0,100,0,0,29,31,0,0,0,0,0,0,0,0,39,0,57,95,0,80,69,78,67,65,32,37,0
6/22/2014 0:00,56,1,65,98,93,100,16,14,31,35,0,63,0,0,0,0,0,0,0,0,95,48,0,0,0,0,59,0,0,0,0,81,72,77,72,37,38,25,0
6/29/2014 0:00,85,1,62,53,98,55,6,10,33,49,43,56,96,0,43,0,31,0,64,0,100,0,0,0,0,0,84,0,0,0,0,75,71,89,51,20,40,26,0
7/6/2014 0:00,89,1,66,72,100,83,14,14,52,24,43,0,0,0,43,52,0,98,63,0,0,0,0,0,0,0,41,0,59,0,0,75,64,78,78,15,84,64,0
7/20/2014 0:00,91,1,60,68,94,81,12,7,58,36,42,66,0,0,42,0,30,32,0,0,49,0,0,0,52,0,51,0,0,0,0,74,87,82,76,24,61,26,0
7/27/2014 0:00,51,0,67,65,98,68,13,14,38,36,41,54,61,0,41,0,0,0,61,0,48,0,0,0,0,0,79,0,58,0,0,79,65,85,67,19,71,0,0
8/3/2014 0:00,59,1,67,83,81,79,14,7,72,37,43,56,64,0,43,0,31,100,0,0,0,100,0,53,0,0,31,0,60,0,0,80,87,96,76,25,17,27,0
8/10/2014 0:00,58,0,67,56,79,53,14,14,31,0,0,21,0,0,0,49,29,31,0,0,46,0,0,0,0,0,58,0,56,0,0,70,100,88,74,28,85,36,0
8/17/2014 0:00,65,1,68,68,84,53,21,14,55,23,40,41,0,0,40,0,29,0,89,98,0,0,0,50,0,97,38,59,55,0,0,85,61,85,76,55,90,24,0
8/24/2014 0:00,60,1,68,99,82,52,23,25,36,23,39,31,58,98,39,0,0,0,0,0,46,46,0,0,0,96,48,0,55,0,0,91,99,97,100,100,100,0,0
8/31/2014 0:00,46,0,71,52,81,50,28,11,30,0,40,61,0,0,40,49,28,0,0,96,92,0,53,0,0,0,38,0,55,0,0,80,91,86,75,72,42,36,0
9/7/2014 0:00,61,1,60,79,86,39,28,6,53,0,0,100,0,0,0,48,54,29,0,0,0,0,0,0,48,0,65,0,0,0,0,100,96,75,75,53,87,23,56
9/14/2014 0:00,46,1,67,78,80,77,35,15,41,0,0,20,0,0,0,95,41,30,0,0,0,0,0,0,0,0,28,0,0,0,0,68,63,70,66,89,72,0,56
9/21/2014 0:00,31,1,65,100,84,67,45,20,18,0,39,20,0,0,39,48,28,30,0,0,0,0,0,0,49,0,57,0,0,0,0,76,77,76,72,63,63,48,0
9/28/2014 0:00,76,1,81,90,77,67,56,23,18,0,0,62,0,0,0,0,29,31,0,0,0,0,0,100,0,0,39,60,0,0,0,73,76,88,75,37,32,61,0
10/5/2014 0:00,52,0,88,100,87,51,55,37,49,46,41,41,60,0,41,0,29,31,0,0,46,47,0,50,0,0,39,0,0,0,0,65,54,86,59,41,43,49,0
10/12/2014 0:00,50,0,100,96,89,65,79,34,50,47,0,32,60,0,0,100,29,0,60,0,47,0,0,0,0,0,20,0,0,0,0,82,57,71,60,70,86,0,0
10/19/2014 0:00,47,1,77,97,87,50,63,36,55,23,40,41,0,0,40,98,58,31,0,0,46,0,0,0,100,0,39,59,56,0,0,77,83,73,82,36,37,0,0
10/26/2014 0:00,47,1,67,92,80,58,44,23,18,0,0,52,0,0,0,0,58,0,0,0,95,47,0,50,0,0,39,0,0,0,0,87,74,73,75,32,80,49,0
11/2/2014 0:00,80,1,68,87,80,50,38,31,24,0,40,31,0,0,40,49,57,0,88,97,46,46,80,49,0,0,48,0,0,0,0,68,46,74,76,36,68,36,0
11/9/2014 0:00,67,0,65,79,75,52,36,18,42,45,0,61,0,0,0,0,28,30,0,0,46,46,0,0,49,0,38,0,0,0,0,70,72,74,91,54,58,48,0
11/16/2014 0:00,43,1,60,80,81,56,34,23,38,23,0,21,61,0,0,0,0,63,0,100,48,0,55,0,0,0,40,0,0,0,0,87,67,75,65,42,60,25,0
11/23/2014 0:00,30,0,59,69,70,33,34,40,13,0,0,0,0,0,0,0,0,32,62,0,48,0,57,52,52,0,41,62,0,0,0,76,87,76,68,43,55,25,0
11/30/2014 0:00,32,1,62,72,79,35,47,43,12,44,0,20,0,0,0,0,0,59,57,0,0,0,0,0,0,0,46,0,54,0,0,65,97,78,76,48,61,0,0
12/7/2014 0:00,39,1,58,67,78,84,43,25,24,22,0,20,58,0,0,0,28,30,58,0,0,0,53,49,0,0,29,0,0,0,93,70,82,74,82,50,73,0,0
12/14/2014 0:00,41,1,63,65,69,41,42,35,25,24,0,21,0,0,0,0,0,32,0,0,0,48,56,0,0,0,50,0,58,0,0,62,91,70,82,71,49,0,0
12/21/2014 0:00,42,0,55,56,75,53,51,26,42,26,0,24,0,0,0,57,33,71,0,0,0,0,0,0,0,0,100,68,0,0,0,67,67,66,55,42,31,28,0
1/4/2015 0:00,31,1,90,92,96,66,87,71,38,49,0,25,94,0,0,32,34,0,34,0,0,48,97,0,0,0,49,0,0,0,0,89,66,81,65,62,63,0,0
1/11/2015 0:00,46,0,98,74,82,75,100,100,37,73,47,85,92,0,47,0,33,0,100,50,0,94,0,49,0,0,48,0,34,0,0,81,62,87,71,56,88,43,0
1/18/2015 0:00,32,0,90,70,92,100,77,82,19,24,0,36,0,0,0,32,33,33,33,0,34,0,0,49,0,0,24,0,0,96,0,87,77,89,64,66,52,57,0
1/25/2015 0:00,50,1,100,72,80,61,84,75,36,47,46,47,90,0,46,0,65,0,49,49,0,0,0,48,0,0,23,91,0,0,0,77,77,88,51,54,86,0,0
2/1/2015 0:00,28,1,92,69,91,53,73,65,61,0,0,36,0,0,0,62,66,0,0,0,0,46,93,0,0,0,39,0,100,0,0,80,100,80,57,95,66,28,0
2/8/2015 0:00,47,1,78,87,91,58,56,48,30,47,46,71,90,0,46,63,33,0,33,0,100,70,0,0,32,49,71,0,33,0,0,91,100,81,89,100,35,56,93
2/15/2015 0:00,46,1,85,62,84,79,48,57,19,49,0,86,0,92,0,0,57,100,51,51,0,0,0,50,34,51,57,0,0,0,96,79,71,73,63,77,52,38,0
2/22/2015 0:00,53,1,82,80,88,80,47,53,12,0,46,36,0,0,46,0,44,32,65,49,67,0,0,48,0,0,39,0,0,0,0,65,73,78,83,95,56,28,93
3/1/2015 0:00,54,1,76,64,87,72,43,39,36,35,0,35,88,86,0,0,64,31,0,48,33,0,0,0,0,0,30,89,0,0,0,71,57,79,63,44,49,41,0
3/8/2015 0:00,61,1,80,70,89,68,43,53,41,45,44,45,0,0,44,0,32,31,0,70,32,0,0,0,31,46,30,0,32,0,0,65,47,76,68,33,19,27,89
3/15/2015 0:00,62,1,79,81,92,46,35,23,62,24,47,36,0,0,47,32,34,0,0,0,0,47,0,48,0,0,63,0,34,0,0,87,99,80,63,51,51,43,0
3/22/2015 0:00,58,1,88,84,85,60,30,31,55,0,0,27,0,100,0,0,86,73,0,0,37,0,0,54,0,0,71,0,0,0,0,77,91,86,68,51,74,47,0
3/29/2015 0:00,50,1,85,66,100,76,27,18,50,25,48,49,93,0,48,0,51,67,51,0,0,0,0,0,0,0,33,0,0,0,0,75,55,80,56,31,42,43,0
4/5/2015 0:00,89,0,87,83,93,52,36,49,100,37,0,61,0,91,0,96,34,33,67,100,0,95,48,49,100,100,48,95,0,0,0,79,65,79,63,36,31,100,95
4/12/2015 0:00,65,1,90,71,96,73,45,28,69,61,48,49,0,91,48,32,67,33,34,50,34,47,48,0,0,0,32,0,0,0,0,82,65,80,57,31,52,72,95
4/19/2015 0:00,58,1,92,81,84,71,49,46,62,24,0,49,0,0,0,32,34,99,0,0,67,47,0,48,33,0,48,0,0,0,0,75,77,76,70,31,26,28,95
4/26/2015 0:00,63,2,90,83,95,70,42,46,62,97,0,36,0,0,0,0,50,33,50,50,34,0,48,49,0,0,32,0,0,0,96,75,80,79,46,46,47,28,0
5/3/2015 0:00,38,2,84,61,74,64,30,13,19,0,0,25,0,0,0,33,34,0,0,0,0,48,73,50,0,0,16,0,35,0,0,68,63,89,65,36,37,29,0
5/10/2015 0:00,38,1,78,67,94,58,28,18,32,100,49,25,95,93,49,81,69,0,69,51,35,49,0,100,0,0,50,96,0,0,0,74,82,79,66,26,64,29,0
5/17/2015 0:00,58,1,76,79,91,77,34,27,59,26,0,26,0,0,0,0,53,35,0,0,36,100,75,51,0,0,34,0,0,0,0,70,66,88,45,32,71,30,100
5/24/2015 0:00,58,1,79,81,88,58,29,33,33,52,0,91,99,0,0,34,48,35,0,0,0,50,51,52,0,0,17,0,0,0,0,77,66,83,84,27,77,31,0
5/31/2015 0:00,40,1,81,100,92,47,20,19,32,25,0,25,0,0,0,33,52,0,34,0,35,0,49,0,0,0,100,98,0,0,0,79,46,84,34,0,43,0,0
6/7/2015 0:00,46,1,88,71,92,72,28,19,26,51,50,51,0,0,50,0,89,35,71,0,36,50,0,0,35,0,60,0,0,0,0,78,71,78,70,16,33,30,0
6/14/2015 0:00,52,2,82,79,91,56,31,27,32,50,0,50,0,0,0,33,0,0,0,52,35,0,0,51,0,0,17,0,71,100,0,76,57,71,53,53,59,30,0
6/21/2015 0:00,57,1,82,93,96,62,15,16,39,51,100,64,0,0,100,33,35,34,35,0,0,0,0,0,35,0,34,0,0,0,100,76,58,84,58,70,33,30,0
6/28/2015 0:00,39,1,70,80,87,71,14,13,20,26,50,51,0,0,50,100,35,34,0,0,0,50,0,0,35,0,34,100,36,0,0,83,73,80,79,64,49,0,0
7/5/2015 0:00,52,2,75,81,95,73,12,19,45,63,98,63,97,0,98,98,35,0,0,0,35,0,100,0,34,0,67,0,35,0,0,80,67,71,71,64,32,45,0
7/12/2015 0:00,35,1,82,69,89,77,14,5,44,50,48,99,95,0,48,48,34,33,34,0,0,0,0,75,0,0,33,96,0,0,0,88,86,76,62,47,53,29,0
7/19/2015 0:00,52,2,89,77,99,81,19,5,71,25,0,100,0,0,0,33,0,34,34,0,35,49,49,0,0,0,33,97,0,0,0,63,69,88,63,37,32,0,0
7/26/2015 0:00,40,2,75,65,85,69,15,16,31,25,0,49,0,0,0,32,34,0,0,0,0,48,49,0,0,51,66,0,34,0,0,70,71,87,85,41,42,29,0
8/2/2015 0:00,39,1,75,79,83,47,12,13,50,25,0,62,0,0,0,64,45,33,0,0,0,0,0,0,0,0,41,0,0,0,0,87,94,100,72,47,100,0,97
8/9/2015 0:00,56,2,76,65,79,81,18,13,25,49,0,36,0,91,0,32,51,33,0,0,34,47,0,49,0,0,32,0,0,0,0,94,82,95,68,46,57,29,0
8/16/2015 0:00,100,1,72,74,81,55,21,10,97,59,46,47,89,0,46,0,32,0,32,48,0,46,46,0,32,0,54,91,0,0,0,87,77,87,61,49,45,28,0
8/23/2015 0:00,62,2,78,67,89,39,18,12,41,35,0,23,0,0,0,0,0,31,63,0,0,0,45,46,0,0,23,0,0,0,0,99,74,91,72,34,64,27,0
8/30/2015 0:00,63,2,72,88,89,77,27,15,54,46,46,23,89,87,46,0,32,0,32,96,33,0,0,0,0,0,100,0,33,0,0,91,88,86,84,29,64,55,91
9/6/2015 0:00,57,2,74,67,76,66,30,20,61,0,0,47,0,0,0,31,33,32,0,0,33,46,0,0,0,48,39,0,0,0,0,77,70,86,65,20,66,42,0
9/13/2015 0:00,35,2,80,60,82,74,42,39,29,0,0,34,87,86,0,30,47,0,31,0,0,89,0,0,0,47,30,0,0,0,0,77,85,85,61,58,63,27,0
9/20/2015 0:00,47,2,83,71,82,35,51,34,35,46,89,34,0,0,89,30,95,31,94,0,32,44,90,0,0,0,38,0,0,0,0,76,52,79,64,58,34,27,0
9/27/2015 0:00,41,2,77,63,81,38,52,17,41,22,0,34,0,0,0,0,42,31,0,0,0,0,44,0,31,0,37,0,32,0,0,84,72,75,85,52,92,54,0
10/4/2015 0:00,33,1,78,59,79,69,77,47,12,0,44,91,0,0,44,30,53,31,32,0,0,0,0,0,0,0,38,0,0,0,92,77,66,83,74,39,25,82,0
10/11/2015 0:00,53,2,88,77,91,67,68,17,29,23,45,57,87,0,45,0,53,0,31,0,0,0,90,46,0,0,38,0,96,0,0,93,85,78,85,29,64,36,0
10/18/2015 0:00,61,2,81,66,85,60,57,31,58,68,0,23,0,84,0,29,42,31,31,0,31,44,0,45,31,0,45,0,32,0,0,85,60,73,71,66,72,53,0
10/25/2015 0:00,40,2,77,87,81,30,71,33,23,34,0,0,0,0,0,29,31,0,0,0,0,44,44,0,0,0,60,87,32,0,89,76,60,74,50,33,67,40,0
11/1/2015 0:00,60,2,78,60,77,56,50,27,70,23,0,57,0,0,0,0,32,0,0,0,0,45,45,0,0,47,30,0,0,0,91,77,61,76,70,24,34,27,0
11/8/2015 0:00,40,2,87,87,88,81,54,35,36,59,46,23,89,0,46,0,32,32,65,0,33,46,0,47,0,0,39,0,33,0,0,76,48,77,52,30,35,28,0
11/15/2015 0:00,44,2,80,72,74,47,55,32,12,23,45,23,0,0,45,0,43,0,0,0,0,46,90,46,0,0,46,90,32,0,0,67,52,72,71,39,44,41,0
11/22/2015 0:00,49,1,70,56,73,59,49,33,12,0,46,48,90,0,46,31,33,32,33,0,0,46,0,0,0,0,31,0,34,0,0,82,85,61,69,30,20,0,0
11/29/2015 0:00,50,2,81,76,78,62,56,54,23,22,44,33,86,0,44,58,31,30,0,0,31,0,0,0,30,0,52,88,0,0,0,70,66,74,68,37,48,0,0
12/6/2015 0:00,44,2,80,68,76,43,46,47,34,22,43,33,0,0,43,0,47,0,0,0,32,43,0,0,31,0,52,88,0,0,0,69,78,67,64,37,48,26,0
12/13/2015 0:00,42,2,77,65,78,37,51,57,24,47,91,47,89,0,91,31,65,63,32,48,0,0,0,47,0,0,39,91,0,0,0,81,60,71,67,74,50,28,0
12/20/2015 0:00,42,1,70,67,82,53,43,42,13,26,0,79,100,0,0,34,36,36,54,0,55,51,0,0,0,0,35,0,0,0,0,82,81,65,85,50,56,31,0
12/27/2015 0:00,39,1,81,53,97,46,56,43,12,0,0,36,0,0,0,47,100,65,0,0,0,0,0,0,33,0,40,0,0,0,0,100,94,76,100,30,57,28,0
1/3/2016 0:00,39,1,77,61,90,73,44,33,39,26,0,51,0,0,0,0,100,40,32,0,0,40,32,46,45,45,65,33,0,0,0,69,75,89,76,54,78,0,100
1/10/2016 0:00,65,1,76,68,78,85,42,38,38,25,0,40,0,0,49,0,37,0,31,0,0,0,0,45,0,0,47,0,0,0,0,100,100,100,100,100,100,20,0
1/17/2016 0:00,40,2,83,89,89,84,35,37,26,0,0,71,0,0,50,0,100,100,64,0,51,40,32,70,0,0,40,0,47,0,0,54,71,77,57,93,46,41,0
1/24/2016 0:00,56,2,90,79,84,79,45,35,39,52,0,20,0,0,0,32,62,0,33,0,52,41,0,47,0,0,33,0,0,0,95,54,56,68,62,66,46,21,0
1/31/2016 0:00,67,2,97,80,86,96,40,35,69,25,0,40,0,0,0,32,37,39,0,0,0,40,32,45,0,0,32,0,0,0,0,50,65,65,43,46,76,20,0
2/7/2016 0:00,65,1,89,59,82,79,63,78,44,51,0,30,0,0,0,32,36,39,31,87,50,39,0,0,0,44,55,32,0,0,0,48,57,61,48,26,48,20,98
2/14/2016 0:00,100,1,96,88,89,56,77,81,70,64,0,50,50,0,0,32,49,40,32,0,51,40,48,46,0,0,55,0,0,0,93,59,65,66,54,34,46,60,0
2/21/2016 0:00,63,2,100,73,76,83,100,100,50,38,0,30,0,0,0,32,25,39,32,87,50,79,31,46,0,0,63,0,0,0,92,49,58,61,44,36,45,50,0
2/28/2016 0:00,76,2,97,71,91,51,91,96,31,51,44,50,100,87,99,64,49,39,32,87,0,40,32,0,0,0,55,32,46,0,0,47,48,60,47,43,38,20,98
3/6/2016 0:00,68,1,94,91,90,76,75,82,58,52,45,40,51,88,0,32,38,80,64,0,86,81,0,0,0,45,64,0,47,0,0,48,53,60,45,27,43,30,99
3/13/2016 0:00,55,1,86,87,96,79,57,78,51,26,45,41,0,0,0,0,63,40,48,0,51,61,0,0,0,0,72,0,47,0,0,49,50,61,43,46,53,31,0
3/20/2016 0:00,94,2,87,66,88,58,45,63,56,25,0,89,0,0,0,32,37,39,63,0,50,0,31,0,44,0,24,0,0,0,91,51,47,68,56,26,45,60,0
3/27/2016 0:00,81,2,91,84,84,69,45,42,69,51,66,90,0,0,49,32,37,39,32,0,51,0,31,45,89,44,63,0,0,0,0,54,47,63,41,38,45,20,0
4/3/2016 0:00,63,1,85,91,85,69,47,40,100,76,44,49,0,0,74,0,49,78,32,0,100,0,0,45,0,0,63,0,0,0,0,47,44,70,50,60,45,0,0
4/10/2016 0:00,51,1,86,73,89,96,39,37,32,26,0,60,0,0,0,0,25,39,32,0,51,0,0,46,44,0,40,32,0,0,92,50,68,63,37,43,45,20,0
4/17/2016 0:00,83,2,89,61,87,72,32,42,88,25,0,69,50,0,49,0,24,0,63,86,0,0,31,46,66,0,55,0,0,0,0,53,63,56,41,38,45,100,0
5/1/2016 0:00,49,1,86,69,93,78,25,17,76,26,89,60,51,0,99,32,25,40,0,0,51,0,31,0,44,0,95,0,47,95,0,49,51,68,43,68,56,40,0
5/8/2016 0:00,58,1,81,64,91,91,25,16,46,26,0,21,0,0,0,33,51,0,33,0,52,41,33,0,0,0,74,100,0,0,0,47,59,67,45,52,22,41,0
5/15/2016 0:00,51,1,90,84,94,78,24,18,33,27,0,52,0,0,0,33,26,41,100,91,0,42,33,48,46,0,25,0,48,100,0,55,63,68,54,73,58,31,0
5/22/2016 0:00,53,1,81,79,100,58,22,15,48,41,48,43,0,94,53,35,53,0,69,0,0,43,0,0,48,48,51,0,0,0,0,55,61,68,44,75,41,43,0
5/29/2016 0:00,45,1,81,37,93,58,26,19,28,56,97,44,55,0,80,0,53,42,0,0,55,65,0,50,0,0,52,36,100,0,0,51,76,61,55,79,34,22,0
6/5/2016 0:00,59,1,88,94,90,82,14,6,53,27,0,63,0,0,0,34,26,41,33,0,53,84,100,48,0,0,100,0,0,0,0,51,67,67,52,79,33,0,0
6/12/2016 0:00,23,1,86,70,87,85,12,16,20,54,0,43,0,0,52,0,26,0,0,0,53,0,0,0,0,47,50,35,49,0,0,53,71,66,52,54,33,21,0
6/19/2016 0:00,56,1,85,70,97,93,14,14,53,0,47,63,0,0,0,0,26,63,67,0,0,42,0,48,0,0,50,34,49,0,0,50,62,62,55,56,33,21,0
6/26/2016 0:00,41,1,84,75,84,70,12,10,41,41,48,22,55,94,80,0,0,43,34,0,0,43,34,0,0,0,34,0,50,0,0,52,57,66,56,63,42,0,0
7/3/2016 0:00,29,1,84,91,92,79,11,11,36,29,100,57,0,0,0,0,28,0,36,0,57,45,0,52,0,0,63,55,52,0,0,55,68,59,48,54,28,46,0
7/10/2016 0:00,39,1,88,77,87,76,13,8,28,28,0,22,0,0,0,0,0,0,0,0,55,43,0,0,48,48,52,0,0,0,100,51,52,64,49,52,38,0,0
7/17/2016 0:00,57,1,80,87,97,84,8,4,54,28,95,54,81,0,80,35,66,0,0,0,55,86,34,0,0,47,26,0,0,0,0,51,55,63,60,70,45,0,0
7/24/2016 0:00,53,1,79,82,99,81,14,8,27,28,0,43,0,0,53,34,40,43,34,0,55,0,0,50,0,0,69,35,50,0,0,58,62,74,56,57,38,0,0
7/31/2016 0:00,41,1,83,93,88,49,16,11,48,28,0,87,0,0,0,0,27,43,69,0,55,44,34,100,0,0,17,0,0,0,0,49,56,83,46,47,31,0,0
8/7/2016 0:00,46,1,75,100,79,42,10,17,14,28,0,56,0,0,0,0,41,44,35,0,56,0,0,51,0,0,79,0,52,0,0,51,77,81,52,43,23,22,0
8/14/2016 0:00,58,1,75,60,84,76,18,18,29,44,0,46,0,100,56,36,0,0,36,100,58,45,36,0,100,100,63,0,0,0,0,53,53,66,66,52,48,45,0
8/21/2016 0:00,51,1,80,62,86,81,21,12,41,27,48,54,0,94,53,0,26,0,34,0,0,0,34,0,0,0,43,71,50,0,0,55,65,80,51,36,49,22,0
8/28/2016 0:00,60,1,79,56,89,66,21,6,33,52,0,41,0,0,50,0,0,80,65,0,53,62,65,0,90,45,57,0,0,0,0,53,89,73,79,54,50,31,0
9/4/2016 0:00,41,1,79,79,86,100,24,16,39,40,46,31,52,0,0,33,26,0,33,91,0,42,33,48,0,0,58,0,48,0,96,52,64,70,54,62,36,0,0
9/11/2016 0:00,42,1,81,70,89,92,35,14,71,26,90,41,0,0,100,0,0,40,0,0,0,0,0,46,45,0,80,66,0,97,0,53,66,68,58,44,46,20,0
9/18/2016 0:00,41,1,81,70,79,49,38,22,19,26,0,82,0,0,0,33,25,0,0,88,0,0,0,47,46,0,81,67,0,0,0,60,61,69,62,61,39,0,99
9/25/2016 0:00,38,1,85,63,90,76,46,21,32,52,45,81,0,0,50,32,25,79,64,0,0,40,32,0,0,0,40,66,0,0,0,58,61,67,47,63,21,20,0
10/2/2016 0:00,30,1,79,63,86,60,47,30,13,52,45,31,51,0,0,33,0,40,32,0,0,41,0,0,45,0,73,33,47,97,94,59,59,66,49,69,32,31,0
10/9/2016 0:00,48,1,79,75,86,90,45,16,40,40,0,42,0,0,0,100,78,41,0,91,53,84,0,48,0,0,50,0,0,100,0,49,47,65,50,43,55,0,0
10/16/2016 0:00,41,2,79,70,94,73,44,16,45,52,45,20,0,88,50,33,50,0,0,0,78,0,32,47,0,0,56,0,0,0,0,60,59,66,60,61,64,20,0
10/23/2016 0:00,45,1,74,59,82,53,43,17,19,51,45,50,0,0,50,0,0,0,0,0,0,40,95,46,44,0,32,33,46,0,0,64,71,74,55,72,35,20,0
10/30/2016 0:00,44,2,76,63,87,83,42,25,19,26,45,30,0,0,50,32,25,39,32,0,0,100,32,46,0,0,56,0,0,0,93,57,72,66,55,83,32,20,0
11/6/2016 0:00,37,1,71,47,75,59,34,27,41,47,82,55,0,0,91,59,34,0,0,82,63,0,0,0,0,0,29,0,43,0,0,55,48,61,51,78,42,28,0
11/13/2016 0:00,68,1,84,91,83,66,34,23,56,100,87,49,0,0,48,0,48,39,32,0,50,0,0,46,0,0,39,32,0,0,0,52,69,72,57,71,59,0,97
11/20/2016 0:00,36,1,68,64,79,75,32,23,31,26,44,20,0,0,0,32,0,40,0,0,50,79,0,46,0,0,47,0,0,0,0,54,62,81,51,70,31,20,97
11/27/2016 0:00,44,2,78,52,90,60,43,44,18,24,0,19,0,0,94,0,0,0,0,0,47,38,30,44,0,0,75,62,0,0,0,58,69,61,54,80,47,19,0
12/4/2016 0:00,49,2,74,72,83,85,33,23,24,24,41,37,0,0,92,0,23,0,30,0,47,37,29,0,0,41,74,30,43,0,0,57,72,64,52,63,26,19,0
12/11/2016 0:00,52,1,78,61,77,41,31,35,42,98,43,77,48,84,47,61,35,38,46,84,49,51,45,0,0,0,38,0,44,0,0,59,67,62,51,41,33,0,0
12/18/2016 0:00,49,1,65,71,73,48,42,42,25,26,45,100,51,0,50,32,49,79,0,0,51,40,32,46,0,0,64,0,0,0,93,53,65,59,51,68,56,20,97
12/25/2016 0:00,49,1,67,56,81,56,37,33,25,0,0,20,0,0,0,0,25,0,0,0,51,60,0,0,0,0,56,33,0,0,0,50,56,66,48,63,60,20,0
1/1/2017 0:00,33,1,71,76,85,57,25,21,25,40,53,38,36,0,53,36,84,0,28,75,0,0,53,56,0,0,78,100,0,0,0,83,79,73,72,54,52,23,0
1/8/2017 0:00,49,1,72,65,86,48,20,15,53,19,50,35,0,0,50,0,32,66,26,72,0,0,0,0,42,0,65,47,0,0,94,85,65,80,75,78,40,21,0
1/15/2017 0:00,39,2,70,41,76,47,18,17,24,0,0,42,0,0,0,34,31,0,0,0,0,26,50,0,41,0,43,0,0,0,0,86,76,79,83,84,68,0,0
1/22/2017 0:00,46,1,83,59,85,51,16,12,33,18,0,28,34,0,0,100,62,33,0,0,44,51,0,0,0,0,46,46,65,0,0,82,61,77,67,65,55,0,0
1/29/2017 0:00,38,1,73,53,88,78,22,17,28,18,49,28,0,51,49,33,62,64,38,0,0,26,0,0,0,0,50,0,0,0,0,79,65,73,88,83,51,21,0
2/5/2017 0:00,38,1,78,59,84,58,23,22,47,37,98,42,33,0,98,66,62,32,51,0,0,0,0,0,41,43,34,46,0,0,0,75,82,75,75,68,35,0,0
2/12/2017 0:00,50,1,76,46,83,58,20,23,32,27,0,27,0,0,0,32,30,32,75,0,42,0,0,0,0,42,86,89,32,0,0,71,71,75,81,84,61,20,0
2/19/2017 0:00,42,1,81,61,87,55,20,13,32,18,48,27,0,0,48,33,61,32,25,68,42,25,0,0,0,0,49,67,0,0,91,78,70,72,73,86,85,20,0
2/26/2017 0:00,41,1,73,68,88,53,17,18,9,17,0,33,0,0,0,0,0,31,24,65,0,0,93,49,0,0,28,0,0,0,0,81,77,75,82,72,41,48,0
3/5/2017 0:00,51,1,71,60,80,53,16,15,31,18,95,40,33,0,95,32,30,32,25,0,42,25,0,0,40,42,49,45,0,0,89,71,77,77,71,70,50,40,0
3/19/2017 0:00,68,1,80,58,80,50,17,12,68,18,98,55,0,0,98,33,30,65,25,69,85,0,0,0,0,0,66,0,0,0,90,75,65,74,66,41,55,82,50
3/26/2017 0:00,51,1,85,66,87,55,16,12,41,45,0,27,0,0,0,32,75,95,0,0,0,25,48,0,0,0,45,44,0,0,0,74,55,82,62,52,50,100,100
4/2/2017 0:00,61,1,84,60,78,45,18,16,32,36,47,20,33,49,47,32,30,79,0,0,0,74,0,50,0,0,33,0,0,0,0,84,52,72,67,66,76,30,0
4/9/2017 0:00,52,1,85,52,89,58,17,14,46,73,48,55,0,0,48,0,30,32,25,69,0,25,0,0,40,0,41,44,0,0,0,80,75,75,66,38,47,30,0
4/16/2017 0:00,57,1,90,63,84,60,20,20,60,55,72,62,100,0,72,0,62,64,25,0,43,0,48,0,0,0,29,0,32,0,93,77,58,76,73,71,70,20,0
4/23/2017 0:00,65,1,87,66,77,60,20,13,46,28,49,28,0,0,49,33,61,0,0,0,43,0,49,0,41,43,46,46,32,0,0,93,70,73,78,72,79,21,0
4/30/2017 0:00,48,1,87,64,93,66,17,10,60,19,49,21,0,100,49,33,77,0,26,0,87,25,49,51,40,0,71,0,0,0,0,74,47,84,66,61,59,31,51
5/7/2017 0:00,47,1,86,65,86,49,15,13,42,19,49,43,0,0,49,34,47,66,77,0,0,0,0,78,41,44,34,0,0,0,0,78,60,79,76,46,52,42,0
5/14/2017 0:00,39,1,87,56,88,52,12,16,30,20,52,66,0,54,52,35,49,35,54,0,46,27,0,55,0,0,40,48,35,72,0,82,69,79,68,24,50,22,54
5/21/2017 0:00,68,1,86,67,82,65,14,12,45,30,0,30,36,0,0,36,33,35,0,0,47,0,0,82,0,0,63,97,0,73,0,83,71,80,78,53,63,22,0
5/28/2017 0:00,34,1,78,53,86,45,13,12,21,61,0,23,0,0,0,37,34,0,28,0,48,57,54,57,0,48,75,51,0,0,0,86,76,82,87,42,52,23,0
6/4/2017 0:00,40,1,82,59,96,78,14,13,20,20,52,38,36,55,52,36,33,70,28,76,47,27,53,55,44,48,41,49,0,0,0,84,66,79,75,57,34,0,0
6/11/2017 0:00,50,2,84,50,100,65,12,8,40,100,80,23,0,55,80,72,34,35,28,0,94,0,53,55,88,71,100,0,0,0,0,81,73,75,76,74,68,67,0
6/18/2017 0:00,53,1,82,66,89,100,8,9,24,38,0,14,0,0,0,34,32,33,26,71,0,26,50,52,42,45,56,94,33,0,0,77,59,77,69,66,53,0,0
6/25/2017 0:00,51,1,84,54,88,58,7,3,36,20,54,61,0,0,54,55,34,36,0,76,0,0,0,0,68,96,60,51,36,0,0,83,53,80,73,50,74,23,0
7/2/2017 0:00,52,1,77,68,85,65,9,6,32,64,56,40,0,0,56,38,36,75,0,0,100,29,0,0,47,100,63,0,0,0,0,100,73,87,90,57,100,95,0
7/9/2017 0:00,61,1,82,58,88,63,9,12,61,20,0,15,37,0,0,0,51,35,28,0,47,0,0,0,44,0,46,49,0,0,100,80,67,78,73,45,64,22,0
7/16/2017 0:00,59,1,77,64,97,59,10,5,25,20,53,45,0,0,53,0,34,70,28,75,0,28,53,55,0,0,55,0,53,0,0,82,56,72,77,70,47,22,0
7/23/2017 0:00,65,1,83,53,92,79,7,6,45,30,52,37,36,53,52,36,100,0,27,0,46,27,52,55,44,0,36,49,35,0,0,81,81,86,76,97,50,0,0
7/30/2017 0:00,69,1,77,68,83,56,10,9,29,0,50,100,0,0,50,34,32,100,0,71,45,26,50,0,0,0,69,47,0,0,0,81,68,92,82,74,73,42,0
8/6/2017 0:00,66,1,82,69,78,49,7,7,33,19,49,56,0,0,49,0,47,33,26,70,44,0,49,0,41,0,64,0,0,0,93,91,100,100,100,58,72,0,0
8/13/2017 0:00,58,2,77,70,85,65,10,5,28,28,0,56,34,0,0,50,31,0,52,0,44,26,49,52,62,44,34,0,33,69,0,96,76,93,91,53,48,21,0
8/20/2017 0:00,59,1,87,72,90,59,9,6,22,36,96,47,66,0,96,64,30,48,0,0,0,25,48,0,40,43,45,0,0,0,0,83,68,89,94,74,92,20,0
8/27/2017 0:00,70,1,84,50,80,51,14,11,27,0,47,27,33,0,47,64,30,32,0,0,84,25,48,50,40,0,45,45,32,0,0,80,74,88,83,44,38,30,50
9/3/2017 0:00,73,1,77,55,75,49,14,11,36,18,48,68,33,0,48,32,0,32,50,0,84,0,0,50,0,0,53,0,32,0,89,85,71,81,77,100,50,40,50
9/10/2017 0:00,60,1,83,72,80,60,18,11,45,35,47,40,49,0,47,48,0,0,25,0,0,24,47,49,0,0,77,0,0,0,0,85,74,85,93,87,30,20,0
9/17/2017 0:00,59,2,79,64,78,49,20,11,22,27,95,27,0,0,95,32,0,32,25,100,42,0,0,49,0,42,69,0,32,0,0,81,66,78,77,55,50,20,0
9/24/2017 0:00,56,1,83,100,89,63,24,11,41,36,95,68,33,0,95,65,30,63,25,0,42,0,0,50,40,0,41,0,32,66,0,82,50,79,77,78,23,0,0
10/1/2017 0:00,58,1,80,45,85,38,26,11,27,0,0,20,0,0,0,33,30,32,0,0,43,0,48,0,0,0,53,45,0,0,0,83,60,76,77,70,46,20,50
10/8/2017 0:00,50,1,79,73,79,36,26,16,33,19,50,21,34,0,50,34,0,67,26,0,45,26,49,0,0,0,51,47,33,0,93,90,64,72,68,62,60,21,0
10/15/2017 0:00,65,1,77,68,74,52,24,16,28,37,0,0,0,0,0,33,46,33,38,0,43,0,0,51,0,0,42,0,0,0,0,90,85,79,80,87,31,31,0
10/22/2017 0:00,54,1,85,50,81,50,27,11,23,18,0,34,0,0,0,33,31,32,25,0,0,0,0,50,0,0,37,45,0,67,0,94,80,83,81,48,74,50,0
10/29/2017 0:00,66,2,81,58,77,67,24,16,18,18,0,55,0,0,0,0,31,64,25,0,0,25,48,50,0,0,75,0,0,0,91,85,71,80,82,64,74,30,50
11/5/2017 0:00,55,2,83,59,79,62,24,17,18,0,0,27,0,49,0,32,30,63,25,67,42,49,95,0,79,42,58,45,32,100,0,96,68,76,83,92,50,40,0
11/12/2017 0:00,61,2,87,54,84,71,25,18,32,18,48,34,33,50,48,32,30,32,100,68,0,0,0,100,0,0,33,45,0,0,0,74,61,81,82,33,35,20,50
11/19/2017 0:00,65,2,74,52,70,62,21,13,43,38,50,50,34,0,50,34,32,0,26,0,88,26,50,52,84,0,47,47,100,0,0,84,61,71,78,46,52,21,0
11/26/2017 0:00,53,2,84,67,80,66,25,27,27,36,47,80,33,0,47,0,60,31,25,0,0,0,47,49,40,0,61,66,31,0,0,84,72,73,78,73,30,20,0
12/3/2017 0:00,75,2,79,57,75,65,36,28,59,36,96,34,0,0,96,33,46,64,63,0,42,100,96,75,100,64,54,0,32,0,90,81,65,65,63,52,50,20,0
12/10/2017 0:00,78,2,78,68,78,70,40,25,65,46,0,28,33,0,0,33,31,32,26,69,43,25,49,0,41,43,67,45,33,68,92,84,73,76,65,79,35,20,51
12/17/2017 0:00,72,2,81,55,78,66,61,70,38,38,50,71,34,52,50,0,0,67,53,0,67,52,50,0,0,0,56,0,34,0,0,88,68,72,87,82,65,21,0
12/24/2017 0:00,100,1,89,40,94,90,87,92,61,30,0,46,37,56,0,37,34,36,71,76,47,57,53,0,45,0,42,0,0,0,0,87,60,67,72,75,61,0,0
12/31/2017 0:00,92,2,100,54,88,84,100,100,100,47,100,28,34,52,100,34,32,83,53,71,89,78,100,0,84,0,82,0,33,0,94,87,74,68,80,70,36,32,0
1/7/2018 0:00,74,2,98,71,91,72,100,100,56,100,48,37,73,96,48,30,94,38,63,0,33,25,24,68,100,49,100,48,45,72,0,100,88,64,100,100,85,34,0
1/14/2018 0:00,77,2,93,76,95,58,93,97,39,25,95,60,48,0,95,0,31,38,62,96,33,37,70,0,33,48,70,48,45,0,0,83,86,71,83,43,32,34,0
1/21/2018 0:00,80,2,100,70,91,64,83,99,33,61,31,54,0,0,31,30,31,50,46,32,33,25,23,45,33,0,52,0,44,0,0,88,96,66,70,51,73,0,0
1/28/2018 0:00,52,2,96,59,92,77,83,79,61,37,31,42,48,94,31,30,46,37,61,0,33,37,46,89,0,0,46,0,44,0,0,87,74,70,90,77,31,0,50
2/4/2018 0:00,64,2,93,67,91,67,67,75,43,60,46,70,70,0,46,0,60,49,30,31,32,24,23,44,32,0,80,47,43,46,0,90,85,69,94,67,56,65,0
2/11/2018 0:00,44,2,94,70,88,76,62,82,54,48,0,29,0,0,0,29,30,61,76,0,32,72,23,0,32,0,45,47,88,0,0,86,90,71,84,88,31,49,49
2/18/2018 0:00,38,2,83,72,80,58,40,48,60,36,31,53,0,0,31,0,30,49,30,0,64,24,23,44,32,47,56,0,44,46,0,82,71,69,76,42,77,66,49
3/4/2018 0:00,66,2,81,65,88,63,27,28,60,72,31,47,47,92,31,29,90,49,30,0,32,0,0,0,0,0,51,0,44,0,0,80,57,70,69,42,51,99,0
3/11/2018 0:00,48,1,81,67,90,68,20,22,38,98,47,54,72,0,47,30,92,0,0,32,0,24,23,45,0,48,64,47,89,0,0,83,77,63,69,51,42,33,0
3/18/2018 0:00,48,2,83,70,86,62,20,20,66,49,63,48,48,0,63,0,31,37,61,32,66,25,23,45,66,0,70,48,0,0,0,75,71,71,78,82,58,33,0
3/25/2018 0:00,51,2,79,60,97,64,18,21,39,0,0,48,48,0,0,30,78,0,31,32,0,25,0,0,33,48,58,48,45,47,0,83,76,75,83,56,58,51,50
4/1/2018 0:00,43,2,90,67,94,55,16,20,44,49,0,54,0,0,0,30,31,50,31,32,33,25,0,0,66,0,41,0,45,0,0,75,82,85,73,51,52,50,50
4/8/2018 0:00,100,2,86,51,95,62,15,15,77,49,31,60,0,0,31,30,62,100,62,64,100,24,0,45,0,0,63,47,44,47,0,85,81,79,75,38,42,84,50
4/15/2018 0:00,58,2,84,62,90,50,17,8,100,25,0,48,0,95,0,0,31,25,62,0,33,49,23,0,33,48,12,0,45,0,0,78,65,64,73,30,84,67,100
4/22/2018 0:00,64,1,86,77,85,66,15,17,89,24,31,47,47,0,31,0,31,50,46,32,66,25,23,0,0,0,63,0,45,0,0,84,64,66,62,42,52,100,50
4/29/2018 0:00,77,2,85,64,93,74,12,6,39,62,94,48,96,0,94,30,31,0,31,32,66,0,24,45,0,0,41,0,45,47,50,67,60,67,69,43,47,68,50
5/6/2018 0:00,58,2,88,76,87,78,13,12,67,62,32,42,48,0,32,30,31,50,62,48,33,25,0,45,33,0,47,48,0,47,0,86,59,71,98,35,53,68,0
5/13/2018 0:00,41,2,81,72,87,82,12,8,68,38,32,37,49,0,32,30,31,26,31,0,34,0,0,92,50,0,41,48,0,0,0,83,81,79,48,31,70,34,0
5/20/2018 0:00,57,1,83,77,91,84,12,8,59,64,66,25,100,100,66,32,49,0,97,100,34,0,0,47,0,0,68,0,0,49,0,80,61,71,75,41,72,0,52
5/27/2018 0:00,50,2,85,67,85,99,11,10,54,40,0,13,0,0,0,0,33,27,50,0,36,27,25,49,0,0,63,0,0,0,53,81,72,71,77,37,63,36,0
6/3/2018 0:00,62,1,83,72,94,88,9,11,23,79,0,57,52,0,0,0,33,27,0,0,0,52,25,48,0,51,55,0,47,51,0,74,86,74,89,54,72,36,0
6/10/2018 0:00,60,2,79,76,88,62,10,10,40,64,33,37,50,0,33,0,0,26,0,33,69,51,24,47,34,100,84,0,0,49,51,71,54,70,71,49,33,35,53
6/17/2018 0:00,66,2,79,100,96,70,10,10,65,78,67,64,51,0,67,64,0,27,33,0,0,27,37,71,0,0,68,50,0,0,0,78,69,73,91,73,100,0,0
6/24/2018 0:00,69,2,84,72,99,42,8,9,78,79,0,52,51,0,0,32,100,67,100,69,0,53,25,0,36,0,75,51,0,0,0,80,56,69,60,41,39,36,0
7/1/2018 0:00,73,1,73,68,92,66,7,4,67,27,87,100,54,0,87,33,86,56,68,35,36,27,0,100,0,0,32,0,99,0,0,84,82,70,73,38,58,37,55
7/8/2018 0:00,68,2,82,72,96,84,8,9,64,90,0,13,0,0,0,31,32,53,65,33,0,39,0,0,34,50,30,0,0,50,0,89,51,70,59,13,44,53,0
7/15/2018 0:00,88,2,79,58,100,71,9,7,54,65,50,45,51,0,50,0,33,80,49,0,70,66,38,96,0,51,69,51,0,50,53,75,74,70,91,14,78,89,54
7/22/2018 0:00,61,2,85,63,95,97,8,6,59,65,100,57,0,0,100,0,0,40,0,68,87,0,0,0,0,51,55,0,0,0,0,72,55,70,60,41,78,35,0
7/29/2018 0:00,71,2,78,62,94,78,9,5,58,25,33,37,50,0,33,0,32,52,0,0,34,51,0,70,0,50,30,49,46,49,0,85,67,82,81,62,38,0,0
8/5/2018 0:00,68,2,77,56,96,85,7,2,51,51,0,43,0,97,0,0,48,0,32,0,0,25,24,0,34,0,36,0,46,0,0,100,73,91,74,62,75,35,0
8/12/2018 0:00,74,2,81,62,95,100,9,2,56,75,32,55,0,95,32,0,63,25,0,32,0,50,0,46,33,48,47,0,45,0,0,88,87,81,90,39,80,34,51
8/19/2018 0:00,59,1,79,91,88,68,12,7,40,75,32,31,49,0,32,0,31,0,31,0,34,25,24,46,51,49,42,49,45,0,0,93,77,88,92,44,64,68,0
8/26/2018 0:00,46,1,83,75,74,46,10,6,67,25,0,73,0,0,0,30,31,0,0,0,0,0,47,45,0,0,59,48,45,48,0,92,72,100,78,35,53,67,0
9/2/2018 0:00,49,1,79,65,86,65,15,12,39,37,32,30,49,0,32,46,31,51,0,0,0,0,0,46,0,0,53,0,0,0,100,92,99,77,79,30,37,34,0
9/9/2018 0:00,63,1,80,75,95,73,18,11,55,49,31,12,48,0,31,30,0,25,92,32,33,24,0,45,33,95,46,48,44,0,0,81,67,80,68,38,42,0,0
9/16/2018 0:00,56,1,80,79,81,72,22,11,50,25,48,42,48,0,48,61,31,38,0,0,66,0,71,91,0,0,70,96,45,0,0,83,78,74,81,35,53,0,0
9/23/2018 0:00,69,1,84,58,86,69,26,11,67,50,32,12,0,0,32,0,31,25,0,32,0,50,35,91,33,0,59,96,0,0,0,87,59,72,74,39,53,34,51
9/30/2018 0:00,40,1,75,88,92,57,30,15,17,74,31,36,48,95,31,0,93,25,0,32,100,73,24,0,33,0,64,48,45,47,0,93,66,75,60,30,63,33,50
10/7/2018 0:00,54,2,83,63,91,61,32,16,35,52,34,45,0,0,34,32,66,0,0,0,35,26,100,48,35,0,56,0,48,100,0,82,79,80,78,73,90,36,53
10/14/2018 0:00,40,1,77,74,90,59,40,16,17,0,32,44,0,0,32,31,32,26,0,0,0,25,0,94,34,0,72,50,0,49,0,83,100,75,80,44,76,52,0
10/21/2018 0:00,46,2,82,53,88,80,34,22,34,25,32,31,0,0,32,31,64,52,32,33,34,51,24,0,34,0,30,0,0,0,51,86,60,76,69,31,60,35,52
11/4/2018 0:00,55,1,70,81,80,39,28,19,32,23,30,57,46,0,30,100,88,24,29,0,31,59,44,43,0,0,45,0,0,0,47,79,59,74,73,29,45,64,0
11/11/2018 0:00,56,0,81,54,79,40,26,20,62,63,64,55,49,0,64,0,47,26,63,33,34,100,0,46,34,0,41,49,0,0,0,84,64,78,83,44,54,34,0
11/25/2018 0:00,74,1,82,67,86,82,29,20,22,37,31,54,47,0,31,30,61,25,31,0,33,24,35,45,0,48,58,47,0,0,0,77,49,72,60,30,52,66,0
12/2/2018 0:00,37,2,79,69,73,88,27,25,28,25,0,30,0,94,0,30,31,0,0,48,0,49,24,45,33,0,64,48,0,47,0,84,73,70,82,52,53,51,0
12/9/2018 0:00,51,2,84,56,83,71,27,28,68,51,65,62,0,0,65,31,32,26,48,33,0,50,24,0,34,49,36,0,46,49,0,86,50,72,67,35,65,0,0
12/16/2018 0:00,30,1,83,63,95,71,24,26,23,0,0,12,0,0,0,31,32,26,63,0,51,0,24,0,34,0,48,0,45,0,0,79,66,63,59,27,38,69,0
12/23/2018 0:00,33,0,76,40,92,54,43,47,25,0,35,47,54,0,35,0,52,56,35,0,0,28,0,50,0,54,59,53,100,0,55,79,53,63,48,10,53,38,0
12/30/2018 0:00,51,1,79,61,86,61,39,38,41,0,0,57,0,0,0,0,65,26,33,0,35,26,0,0,0,0,49,100,0,50,0,84,73,72,67,32,50,36,0